month,predicted_sales
April,808.6351981351979
May,760.5477855477852
June,712.4603729603726
